jahr;monat;umsatz_hzv;umsatz_kv;umsatz_privat;scheine;hzv_aok;hzv_ek;hzv_bkk;hzv_sonstige;hzv_neu;hzv_abgaenge;pat_hzv;pat_gkv;pat_privat;vza_aerzte;vza_mfa;vza_azubi;vza_verwaltung;kosten_personal;kosten_raum;kosten_material;kosten_it;kosten_beitraege;kosten_sonstige;termine_gesamt;termine_online;termine_ausfall
2023;1;28598;39052;7771;1265;536;174;96;29;30;5;507;758;131;1;4,5;1;0,5;16473;3900;3468;1650;3878;2462;1636;0;123
2023;2;23183;31719;6429;1193;545;178;99;30;22;5;486;707;124;1;4,5;1;0,5;16501;3900;2872;1650;1110;2323;1600;0;125
2023;3;19768;28248;6263;1023;550;180;101;32;15;4;422;601;106;1;4,5;1;0,5;16638;5031;2549;1650;1030;2056;1362;109;104
2023;4;25802;35773;7121;1106;559;184;103;33;21;5;460;646;115;1;4,5;1;0,5;16561;3900;3036;1650;1203;2120;1482;176;126
2023;5;19680;27345;5766;965;565;187;105;33;16;5;408;557;96;1;4,5;1;0,5;16480;3900;2563;1650;1009;3881;1304;198;101
2023;6;18419;24265;5046;918;569;189;107;33;12;4;395;523;90;1;4,5;1;0,5;16380;3900;2489;1650;938;2408;1194;223;92
2023;7;23206;29565;6545;935;578;193;110;35;24;6;405;530;83;1;4,5;1;0,5;16364;3900;2379;1650;1060;2377;1220;270;89
2023;8;17443;22470;4679;820;580;194;111;36;11;6;356;464;74;1;4,5;1;0,5;16645;3900;2164;1650;897;2251;1110;274;108
2023;9;19193;24804;5654;954;586;197;113;36;16;5;423;531;92;1;5;1;0,5;18480;3900;2388;1650;950;2235;1289;354;91
2023;10;27660;36602;7628;1158;598;202;117;38;27;4;528;630;113;1;5;1;0,5;18522;3900;2751;1650;1222;2326;1538;439;117
2023;11;22306;29211;6936;1098;604;205;119;38;16;5;503;595;106;1;5;1;0,5;24869;3900;2916;1650;1052;2495;1444;441;118
2023;12;18286;23794;5353;963;609;207;121;40;15;4;447;516;100;1;5;1;0,5;18047;3900;2603;1650;927;2065;1302;428;125
2024;1;31149;34848;8835;1250;623;213;125;41;30;5;589;661;135;1;5;1;0,5;19436;4060;3127;1770;3782;2193;1628;563;117
2024;2;24892;29548;7106;1127;632;217;127;42;21;5;552;575;119;1;5;1;0,5;19382;4060;3132;1770;1060;2393;1458;535;117
2024;3;24235;27764;5880;1078;637;220;129;41;16;7;530;548;114;1;5;1;0,5;19314;5548;2919;1770;1019;2290;1402;558;118
2024;4;29633;32533;7835;1125;645;228;131;43;25;5;564;561;117;1,75;5;1;0,5;20592;4060;2818;1770;1128;2251;1451;589;106
2024;5;22462;26264;5951;993;649;233;132;44;17;6;503;490;101;1,75;5;1;0,5;20717;4060;2591;1770;984;3970;1274;541;104
2024;6;22720;23963;6178;971;656;239;134;44;19;4;488;483;101;1,75;4;1;0,5;17361;4060;2355;1770;931;2107;1271;534;106
2024;7;27735;29696;7280;977;665;247;136;46;26;5;508;469;89;1,75;4;1;0,5;17388;4060;2647;1770;1063;2294;1304;578;67
2024;8;20394;22907;5233;834;668;251;137;47;15;6;443;391;77;1,75;4;1;0,5;17213;4060;2313;1770;907;2493;1114;480;60
2024;9;23778;25451;5648;996;671;255;138;48;16;7;520;476;103;1,75;5;2;0,5;21701;4060;2727;1770;965;2503;1334;611;61
2024;10;32450;36348;7782;1213;678;263;140;49;24;6;651;562;130;1,75;5;2;0,5;21491;4060;3056;4670;1216;2284;1632;774;83
2024;11;29635;30519;7989;1233;683;269;141;50;19;6;661;572;133;1,75;5;2;0,5;28634;4060;3454;1770;1082;2344;1618;749;80
2024;12;24171;26503;5967;1102;688;275;143;50;21;8;608;494;111;1,75;5;2;0,5;21671;4060;2970;1770;990;2509;1418;651;82
2025;1;42013;39679;9658;1446;705;289;148;52;43;5;821;625;161;1,75;5;2;0,75;23953;4240;3776;2230;3893;2134;1863;914;83
2025;2;34649;32804;7786;1334;711;296;150;52;21;6;760;574;151;1,75;5;2;0,75;23940;4240;3816;7030;1134;2667;1761;831;89
2025;3;27718;27410;6778;1104;717;302;152;53;22;7;640;464;118;1,75;5;2;0,75;23759;5708;2819;2230;1010;2592;1435;689;73
2025;4;34324;33643;8632;1160;728;312;155;54;30;5;686;474;121;1,75;5;2;0,75;23545;4240;3065;2230;1154;2542;1498;751;69
2025;5;27552;26377;7047;1059;733;317;156;54;17;6;627;432;109;1,75;5;2;0,75;23793;4240;2857;2230;987;3644;1411;686;65
2025;6;24970;24166;5737;979;736;321;157;54;17;9;594;385;109;1,75;5;2;0,75;23637;4240;2507;2230;936;2349;1305;671;64
2025;7;31619;29385;7437;1005;742;327;159;55;22;7;618;387;99;2;5;2;0,75;23794;4240;2527;2230;1056;2131;1365;705;60
2025;8;23628;21423;5142;847;747;332;160;56;17;5;516;331;80;2;5,5;1;0,75;24613;4240;2438;2230;873;2162;1117;548;59
2025;9;27196;24919;5919;1036;753;337;162;57;20;6;648;388;111;2;5,5;2;0,75;25946;4240;2592;2230;953;2225;1381;706;61
2025;10;38687;35808;8457;1275;763;346;165;59;29;5;802;473;134;2;5,5;2;0,75;25985;4240;3632;2230;1204;2400;1633;852;76
2025;11;34269;29224;8494;1235;769;351;167;60;20;6;791;444;134;2;5,5;2;0,75;33942;4240;3568;2230;1052;2250;1662;836;82
2025;12;28442;24168;6716;1089;774;356;168;61;19;7;702;387;116;2;5,5;2;0,75;26149;4240;3133;2230;936;2636;1405;751;83
